[
  {
    "id": "9fa4ddc4-4779-4ae3-a655-7515a82d54b4",
    "timestamp": "2025-11-16T01:10:24.394102",
    "project": "PramaIAServer",
    "level": "info",
    "module": "pramaiaserver",
    "message": "\ud83d\udcdd Registrato processore per tipo 'input_user': UserInputProcessor",
    "details": null,
    "context": {
      "module": "backend.engine.node_registry",
      "file": "C:\\PramaIA\\PramaIAServer\\backend\\engine\\node_registry.py",
      "line": 179,
      "function": "register_processor"
    }
  },
  {
    "id": "f3ce3e67-ec80-43ad-8803-c136ef2076de",
    "timestamp": "2025-11-16T01:10:24.394334",
    "project": "PramaIAServer",
    "level": "info",
    "module": "pramaiaserver",
    "message": "\ud83d\udcdd Registrato processore per tipo 'input_file': FileInputProcessor",
    "details": null,
    "context": {
      "module": "backend.engine.node_registry",
      "file": "C:\\PramaIA\\PramaIAServer\\backend\\engine\\node_registry.py",
      "line": 179,
      "function": "register_processor"
    }
  },
  {
    "id": "dd8d09f3-8569-40d1-84fc-8199bc5ca15b",
    "timestamp": "2025-11-16T01:10:24.712004",
    "project": "PramaIAServer",
    "level": "info",
    "module": "pramaiaserver",
    "message": "\ud83d\udcdd Registrato processore per tipo 'llm_openai': OpenAIProcessor",
    "details": null,
    "context": {
      "module": "backend.engine.node_registry",
      "file": "C:\\PramaIA\\PramaIAServer\\backend\\engine\\node_registry.py",
      "line": 179,
      "function": "register_processor"
    }
  },
  {
    "id": "0620c685-a8d5-4507-9829-2e9e9168fd7f",
    "timestamp": "2025-11-16T01:10:24.712148",
    "project": "PramaIAServer",
    "level": "info",
    "module": "pramaiaserver",
    "message": "\ud83d\udcdd Registrato processore per tipo 'llm_anthropic': AnthropicProcessor",
    "details": null,
    "context": {
      "module": "backend.engine.node_registry",
      "file": "C:\\PramaIA\\PramaIAServer\\backend\\engine\\node_registry.py",
      "line": 179,
      "function": "register_processor"
    }
  },
  {
    "id": "efc269dd-b7d8-4718-b4fd-65d400aaad00",
    "timestamp": "2025-11-16T01:10:25.030643",
    "project": "PramaIAServer",
    "level": "info",
    "module": "pramaiaserver",
    "message": "\ud83d\udcdd Registrato processore per tipo 'llm_gemini': OpenAIProcessor",
    "details": null,
    "context": {
      "module": "backend.engine.node_registry",
      "file": "C:\\PramaIA\\PramaIAServer\\backend\\engine\\node_registry.py",
      "line": 179,
      "function": "register_processor"
    }
  },
  {
    "id": "d6b29394-9d1b-4202-9d81-0c6fb75c281a",
    "timestamp": "2025-11-16T01:10:25.031120",
    "project": "PramaIAServer",
    "level": "info",
    "module": "pramaiaserver",
    "message": "\ud83d\udcdd Registrato processore per tipo 'llm_ollama': OllamaProcessor",
    "details": null,
    "context": {
      "module": "backend.engine.node_registry",
      "file": "C:\\PramaIA\\PramaIAServer\\backend\\engine\\node_registry.py",
      "line": 179,
      "function": "register_processor"
    }
  },
  {
    "id": "a0011eb9-1480-4d5d-8149-39aafcf09e4b",
    "timestamp": "2025-11-16T01:10:25.031258",
    "project": "PramaIAServer",
    "level": "info",
    "module": "pramaiaserver",
    "message": "\ud83d\udcdd Registrato processore per tipo 'output_text': TextOutputProcessor",
    "details": null,
    "context": {
      "module": "backend.engine.node_registry",
      "file": "C:\\PramaIA\\PramaIAServer\\backend\\engine\\node_registry.py",
      "line": 179,
      "function": "register_processor"
    }
  },
  {
    "id": "6668ce1d-043d-446b-960b-d5d9152255e6",
    "timestamp": "2025-11-16T01:10:25.031368",
    "project": "PramaIAServer",
    "level": "info",
    "module": "pramaiaserver",
    "message": "\ud83d\udcdd Registrato processore per tipo 'output_file': FileOutputProcessor",
    "details": null,
    "context": {
      "module": "backend.engine.node_registry",
      "file": "C:\\PramaIA\\PramaIAServer\\backend\\engine\\node_registry.py",
      "line": 179,
      "function": "register_processor"
    }
  },
  {
    "id": "e0239bf7-39cd-4f2b-8fe3-5759648eebf5",
    "timestamp": "2025-11-16T01:10:25.031474",
    "project": "PramaIAServer",
    "level": "info",
    "module": "pramaiaserver",
    "message": "\ud83d\udcdd Registrato processore per tipo 'output_email': EmailOutputProcessor",
    "details": null,
    "context": {
      "module": "backend.engine.node_registry",
      "file": "C:\\PramaIA\\PramaIAServer\\backend\\engine\\node_registry.py",
      "line": 179,
      "function": "register_processor"
    }
  },
  {
    "id": "01b0cd7f-4b43-47b7-a51c-01bf0378b865",
    "timestamp": "2025-11-16T01:10:25.031604",
    "project": "PramaIAServer",
    "level": "info",
    "module": "pramaiaserver",
    "message": "\ud83d\udcdd Registrato processore per tipo 'data_transform': DataTransformProcessor",
    "details": null,
    "context": {
      "module": "backend.engine.node_registry",
      "file": "C:\\PramaIA\\PramaIAServer\\backend\\engine\\node_registry.py",
      "line": 179,
      "function": "register_processor"
    }
  },
  {
    "id": "cab7afd7-73ee-4b55-9af1-e39d844547d0",
    "timestamp": "2025-11-16T01:10:25.031709",
    "project": "PramaIAServer",
    "level": "info",
    "module": "pramaiaserver",
    "message": "\ud83d\udcdd Registrato processore per tipo 'text_processor': TextProcessor",
    "details": null,
    "context": {
      "module": "backend.engine.node_registry",
      "file": "C:\\PramaIA\\PramaIAServer\\backend\\engine\\node_registry.py",
      "line": 179,
      "function": "register_processor"
    }
  },
  {
    "id": "a4445e9e-f665-48ad-90ef-54ff91813bb4",
    "timestamp": "2025-11-16T01:10:25.031816",
    "project": "PramaIAServer",
    "level": "info",
    "module": "pramaiaserver",
    "message": "\ud83d\udcdd Registrato processore per tipo 'json_processor': JSONProcessor",
    "details": null,
    "context": {
      "module": "backend.engine.node_registry",
      "file": "C:\\PramaIA\\PramaIAServer\\backend\\engine\\node_registry.py",
      "line": 179,
      "function": "register_processor"
    }
  },
  {
    "id": "73fb9f53-649a-42f4-a2cc-fc087eed4216",
    "timestamp": "2025-11-16T01:10:25.031919",
    "project": "PramaIAServer",
    "level": "info",
    "module": "pramaiaserver",
    "message": "\ud83d\udcdd Registrato processore per tipo 'http_request': HTTPRequestProcessor",
    "details": null,
    "context": {
      "module": "backend.engine.node_registry",
      "file": "C:\\PramaIA\\PramaIAServer\\backend\\engine\\node_registry.py",
      "line": 179,
      "function": "register_processor"
    }
  },
  {
    "id": "ace4b748-6b45-4c36-b6b2-c9c6779ea8ca",
    "timestamp": "2025-11-16T01:10:25.032016",
    "project": "PramaIAServer",
    "level": "info",
    "module": "pramaiaserver",
    "message": "\ud83d\udcdd Registrato processore per tipo 'webhook': WebhookProcessor",
    "details": null,
    "context": {
      "module": "backend.engine.node_registry",
      "file": "C:\\PramaIA\\PramaIAServer\\backend\\engine\\node_registry.py",
      "line": 179,
      "function": "register_processor"
    }
  },
  {
    "id": "da5dd7b9-6d3e-45c9-af88-5fa7710316e1",
    "timestamp": "2025-11-16T01:10:25.032130",
    "project": "PramaIAServer",
    "level": "info",
    "module": "pramaiaserver",
    "message": "\ud83d\udcdd Registrato processore per tipo 'api_call': APICallProcessor",
    "details": null,
    "context": {
      "module": "backend.engine.node_registry",
      "file": "C:\\PramaIA\\PramaIAServer\\backend\\engine\\node_registry.py",
      "line": 179,
      "function": "register_processor"
    }
  },
  {
    "id": "16d6afee-2a5c-41b2-8fcc-1e8eb3488c90",
    "timestamp": "2025-11-16T01:10:25.032226",
    "project": "PramaIAServer",
    "level": "info",
    "module": "pramaiaserver",
    "message": "\ud83d\udcdd Registrato processore per tipo 'rag_query': RAGQueryProcessor",
    "details": null,
    "context": {
      "module": "backend.engine.node_registry",
      "file": "C:\\PramaIA\\PramaIAServer\\backend\\engine\\node_registry.py",
      "line": 179,
      "function": "register_processor"
    }
  },
  {
    "id": "178707a6-5d94-4792-adb0-01b56e6a3c03",
    "timestamp": "2025-11-16T01:10:25.032322",
    "project": "PramaIAServer",
    "level": "info",
    "module": "pramaiaserver",
    "message": "\ud83d\udcdd Registrato processore per tipo 'document_index': DocumentIndexProcessor",
    "details": null,
    "context": {
      "module": "backend.engine.node_registry",
      "file": "C:\\PramaIA\\PramaIAServer\\backend\\engine\\node_registry.py",
      "line": 179,
      "function": "register_processor"
    }
  },
  {
    "id": "33bc1ccd-0624-4694-bf1d-752ff9c51d49",
    "timestamp": "2025-11-16T01:10:25.032416",
    "project": "PramaIAServer",
    "level": "info",
    "module": "pramaiaserver",
    "message": "\ud83d\udcdd Registrato processore per tipo 'rag_generation': RAGGenerationProcessor",
    "details": null,
    "context": {
      "module": "backend.engine.node_registry",
      "file": "C:\\PramaIA\\PramaIAServer\\backend\\engine\\node_registry.py",
      "line": 179,
      "function": "register_processor"
    }
  },
  {
    "id": "cc1d3174-ed7f-4285-b293-117ac66584c1",
    "timestamp": "2025-11-16T01:10:25.032514",
    "project": "PramaIAServer",
    "level": "info",
    "module": "pramaiaserver",
    "message": "\ud83d\udcdd Registrato processore per tipo 'event_input_node': EventInputProcessor",
    "details": null,
    "context": {
      "module": "backend.engine.node_registry",
      "file": "C:\\PramaIA\\PramaIAServer\\backend\\engine\\node_registry.py",
      "line": 179,
      "function": "register_processor"
    }
  },
  {
    "id": "76bd976a-5cf4-43bd-b378-9bc94214c6c8",
    "timestamp": "2025-11-16T01:10:25.032665",
    "project": "PramaIAServer",
    "level": "info",
    "module": "pramaiaserver",
    "message": "\ud83d\udcdd Registrato processore per tipo 'file_parsing': FileParsingProcessor",
    "details": null,
    "context": {
      "module": "backend.engine.node_registry",
      "file": "C:\\PramaIA\\PramaIAServer\\backend\\engine\\node_registry.py",
      "line": 179,
      "function": "register_processor"
    }
  },
  {
    "id": "fb10599c-35e1-497b-b010-db3a50b1a456",
    "timestamp": "2025-11-16T01:10:25.032768",
    "project": "PramaIAServer",
    "level": "info",
    "module": "pramaiaserver",
    "message": "\ud83d\udcdd Registrato processore per tipo 'metadata_manager': MetadataManagerProcessor",
    "details": null,
    "context": {
      "module": "backend.engine.node_registry",
      "file": "C:\\PramaIA\\PramaIAServer\\backend\\engine\\node_registry.py",
      "line": 179,
      "function": "register_processor"
    }
  },
  {
    "id": "0ac1e0cf-bca8-4d9b-bd65-683d6cd083f2",
    "timestamp": "2025-11-16T01:10:25.032868",
    "project": "PramaIAServer",
    "level": "info",
    "module": "pramaiaserver",
    "message": "\ud83d\udcdd Registrato processore per tipo 'document_processor': DocumentProcessorProcessor",
    "details": null,
    "context": {
      "module": "backend.engine.node_registry",
      "file": "C:\\PramaIA\\PramaIAServer\\backend\\engine\\node_registry.py",
      "line": 179,
      "function": "register_processor"
    }
  },
  {
    "id": "ed212741-3168-4c1d-bb7c-43923714e51b",
    "timestamp": "2025-11-16T01:10:25.032975",
    "project": "PramaIAServer",
    "level": "info",
    "module": "pramaiaserver",
    "message": "\ud83d\udcdd Registrato processore per tipo 'vector_store_operations': VectorStoreOperationsProcessor",
    "details": null,
    "context": {
      "module": "backend.engine.node_registry",
      "file": "C:\\PramaIA\\PramaIAServer\\backend\\engine\\node_registry.py",
      "line": 179,
      "function": "register_processor"
    }
  },
  {
    "id": "32e85afa-980c-4a5f-af48-5aa886d84c52",
    "timestamp": "2025-11-16T01:10:25.033071",
    "project": "PramaIAServer",
    "level": "info",
    "module": "pramaiaserver",
    "message": "\ud83d\udcdd Registrato processore per tipo 'event_logger': EventLoggerProcessor",
    "details": null,
    "context": {
      "module": "backend.engine.node_registry",
      "file": "C:\\PramaIA\\PramaIAServer\\backend\\engine\\node_registry.py",
      "line": 179,
      "function": "register_processor"
    }
  },
  {
    "id": "0db43aaa-d0a5-4ea2-97c5-82cf226fd4f4",
    "timestamp": "2025-11-16T01:10:25.033170",
    "project": "PramaIAServer",
    "level": "info",
    "module": "pramaiaserver",
    "message": "\ud83d\udcdd Registrato processore per tipo 'processing_text': TextProcessor",
    "details": null,
    "context": {
      "module": "backend.engine.node_registry",
      "file": "C:\\PramaIA\\PramaIAServer\\backend\\engine\\node_registry.py",
      "line": 179,
      "function": "register_processor"
    }
  },
  {
    "id": "09921077-07d3-49e7-9483-923dd7412a41",
    "timestamp": "2025-11-16T01:10:25.033270",
    "project": "PramaIAServer",
    "level": "info",
    "module": "pramaiaserver",
    "message": "\ud83d\udd27 NodeRegistry inizializzato con 25 processori",
    "details": null,
    "context": {
      "module": "backend.engine.node_registry",
      "file": "C:\\PramaIA\\PramaIAServer\\backend\\engine\\node_registry.py",
      "line": 100,
      "function": "__init__"
    }
  }
]