[
  {
    "id": "0e602de6-388c-41aa-b201-14e988777ba1",
    "timestamp": "2025-11-16T10:26:54.722422",
    "project": "PramaIAServer",
    "level": "lifecycle",
    "module": "system_events",
    "message": "LogService avviato",
    "details": {
      "event_type": "service_start",
      "version": "1.0.0",
      "log_type": "lifecycle",
      "event_time": "2025-11-16T10:26:54.722387"
    },
    "context": {
      "component": "logservice_main"
    }
  },
  {
    "id": "7cbdbea7-8c91-45c4-9d6c-667f6d929c16",
    "timestamp": "2025-11-16T10:26:55.126971",
    "project": "PramaIAServer",
    "level": "lifecycle",
    "module": "system_events",
    "message": "LogService avviato",
    "details": {
      "event_type": "service_start",
      "version": "1.0.0",
      "log_type": "lifecycle",
      "event_time": "2025-11-16T10:26:55.126925"
    },
    "context": {
      "component": "logservice_main"
    }
  },
  {
    "id": "8d389c60-74ae-4a89-afe4-93f034847198",
    "timestamp": "2025-11-16T10:50:11.157223",
    "project": "PramaIAServer",
    "level": "lifecycle",
    "module": "system_events",
    "message": "LogService avviato",
    "details": {
      "event_type": "service_start",
      "version": "1.0.0",
      "log_type": "lifecycle",
      "event_time": "2025-11-16T10:50:11.157187"
    },
    "context": {
      "component": "logservice_main"
    }
  },
  {
    "id": "c2209104-21cb-440b-ac8f-d1948eed8209",
    "timestamp": "2025-11-16T10:50:11.274785",
    "project": "PramaIAServer",
    "level": "lifecycle",
    "module": "system_events",
    "message": "LogService avviato",
    "details": {
      "event_type": "service_start",
      "version": "1.0.0",
      "log_type": "lifecycle",
      "event_time": "2025-11-16T10:50:11.274746"
    },
    "context": {
      "component": "logservice_main"
    }
  },
  {
    "id": "83d1ddcc-802b-46ea-a823-7c0bdc229882",
    "timestamp": "2025-11-16T10:51:06.686099",
    "project": "PramaIAServer",
    "level": "lifecycle",
    "module": "system_events",
    "message": "LogService avviato",
    "details": {
      "event_type": "service_start",
      "version": "1.0.0",
      "log_type": "lifecycle",
      "event_time": "2025-11-16T10:51:06.686071"
    },
    "context": {
      "component": "logservice_main"
    }
  },
  {
    "id": "25535adf-7dfc-45c1-ad12-20300611fde8",
    "timestamp": "2025-11-16T10:51:06.770592",
    "project": "PramaIAServer",
    "level": "lifecycle",
    "module": "system_events",
    "message": "LogService avviato",
    "details": {
      "event_type": "service_start",
      "version": "1.0.0",
      "log_type": "lifecycle",
      "event_time": "2025-11-16T10:51:06.770561"
    },
    "context": {
      "component": "logservice_main"
    }
  },
  {
    "id": "46c28eed-dab2-432c-aeff-c3d5a122158a",
    "timestamp": "2025-11-16T10:57:58.178326",
    "project": "PramaIAServer",
    "level": "lifecycle",
    "module": "system_events",
    "message": "LogService avviato",
    "details": {
      "event_type": "service_start",
      "version": "1.0.0",
      "log_type": "lifecycle",
      "event_time": "2025-11-16T10:57:58.178293"
    },
    "context": {
      "component": "logservice_main"
    }
  },
  {
    "id": "e8716ec7-c5ee-41d3-ad38-0be7245bc013",
    "timestamp": "2025-11-16T10:57:58.270328",
    "project": "PramaIAServer",
    "level": "lifecycle",
    "module": "system_events",
    "message": "LogService avviato",
    "details": {
      "event_type": "service_start",
      "version": "1.0.0",
      "log_type": "lifecycle",
      "event_time": "2025-11-16T10:57:58.270297"
    },
    "context": {
      "component": "logservice_main"
    }
  },
  {
    "id": "fd0919bc-6342-4fa0-9a9f-2f3b100b54b8",
    "timestamp": "2025-11-16T11:12:15.512031",
    "project": "PramaIAServer",
    "level": "lifecycle",
    "module": "system_events",
    "message": "LogService avviato",
    "details": {
      "event_type": "service_start",
      "version": "1.0.0",
      "log_type": "lifecycle",
      "event_time": "2025-11-16T11:12:15.512000"
    },
    "context": {
      "component": "logservice_main"
    }
  },
  {
    "id": "a5f1a323-b16e-42da-9e74-8c4bb8c90645",
    "timestamp": "2025-11-16T11:12:15.604122",
    "project": "PramaIAServer",
    "level": "lifecycle",
    "module": "system_events",
    "message": "LogService avviato",
    "details": {
      "event_type": "service_start",
      "version": "1.0.0",
      "log_type": "lifecycle",
      "event_time": "2025-11-16T11:12:15.604087"
    },
    "context": {
      "component": "logservice_main"
    }
  },
  {
    "id": "219b66cb-18c6-457a-be71-2119f2ef00ad",
    "timestamp": "2025-11-16T11:14:00.185712",
    "project": "PramaIAServer",
    "level": "lifecycle",
    "module": "system_events",
    "message": "LogService avviato",
    "details": {
      "event_type": "service_start",
      "version": "1.0.0",
      "log_type": "lifecycle",
      "event_time": "2025-11-16T11:14:00.185676"
    },
    "context": {
      "component": "logservice_main"
    }
  },
  {
    "id": "caf48e4c-c082-4dd3-8834-6c6111116e84",
    "timestamp": "2025-11-16T11:14:00.276151",
    "project": "PramaIAServer",
    "level": "lifecycle",
    "module": "system_events",
    "message": "LogService avviato",
    "details": {
      "event_type": "service_start",
      "version": "1.0.0",
      "log_type": "lifecycle",
      "event_time": "2025-11-16T11:14:00.276114"
    },
    "context": {
      "component": "logservice_main"
    }
  },
  {
    "id": "0d93ec18-2ced-409d-920e-d8ee98a3e6a5",
    "timestamp": "2025-11-16T11:18:39.381994",
    "project": "PramaIAServer",
    "level": "lifecycle",
    "module": "system_events",
    "message": "LogService avviato",
    "details": {
      "event_type": "service_start",
      "version": "1.0.0",
      "log_type": "lifecycle",
      "event_time": "2025-11-16T11:18:39.381960"
    },
    "context": {
      "component": "logservice_main"
    }
  },
  {
    "id": "8639052c-1fd6-406a-9f17-7e1a9a65589a",
    "timestamp": "2025-11-16T11:18:39.466315",
    "project": "PramaIAServer",
    "level": "lifecycle",
    "module": "system_events",
    "message": "LogService avviato",
    "details": {
      "event_type": "service_start",
      "version": "1.0.0",
      "log_type": "lifecycle",
      "event_time": "2025-11-16T11:18:39.466282"
    },
    "context": {
      "component": "logservice_main"
    }
  }
]